<?xml version="1.0" encoding="UTF-8"?>
<GenRun Id="synth_1" LaunchPart="xc7a75tfgg484-2" LaunchTime="1726128779" LaunchIncrCheckpoint="$PSRCDIR/utils_1/imports/synth_1/hx75_hex_7seg.dcp">
  <File Type="PA-TCL" Name="top_design.tcl"/>
  <File Type="RDS-PROPCONSTRS" Name="top_design_drc_synth.rpt"/>
  <File Type="REPORTS-TCL" Name="top_design_reports.tcl"/>
  <File Type="RDS-RDS" Name="top_design.vds"/>
  <File Type="RDS-UTIL" Name="top_design_utilization_synth.rpt"/>
  <File Type="RDS-UTIL-PB" Name="top_design_utilization_synth.pb"/>
  <File Type="RDS-DCP" Name="top_design.dcp"/>
  <File Type="VDS-TIMINGSUMMARY" Name="top_design_timing_summary_synth.rpt"/>
  <File Type="VDS-TIMING-PB" Name="top_design_timing_summary_synth.pb"/>
  <FileSet Name="sources" Type="DesignSrcs" RelSrcDir="$PSRCDIR/sources_1" RelGenDir="$PGENDIR/sources_1">
    <Filter Type="Srcs"/>
    <File Path="$PSRCDIR/sources_1/new/IO_deal.v">
      <FileInfo>
        <Attr Name="UsedIn" Val="synthesis"/>
        <Attr Name="UsedIn" Val="implementation"/>
        <Attr Name="UsedIn" Val="simulation"/>
      </FileInfo>
    </File>
    <File Path="$PSRCDIR/sources_1/new/Select.v">
      <FileInfo>
        <Attr Name="UsedIn" Val="synthesis"/>
        <Attr Name="UsedIn" Val="implementation"/>
        <Attr Name="UsedIn" Val="simulation"/>
      </FileInfo>
    </File>
    <File Path="$PSRCDIR/sources_1/new/State_one.v">
      <FileInfo>
        <Attr Name="UsedIn" Val="synthesis"/>
        <Attr Name="UsedIn" Val="implementation"/>
        <Attr Name="UsedIn" Val="simulation"/>
      </FileInfo>
    </File>
    <File Path="$PSRCDIR/sources_1/new/get_ticket_num.v">
      <FileInfo>
        <Attr Name="UsedIn" Val="synthesis"/>
        <Attr Name="UsedIn" Val="implementation"/>
        <Attr Name="UsedIn" Val="simulation"/>
      </FileInfo>
    </File>
    <File Path="$PSRCDIR/sources_1/new/hx75_hex_7seg.v">
      <FileInfo>
        <Attr Name="ImportPath" Val="$PPRDIR/../hx75_hex_7seg/hx75_hex_7seg.srcs/sources_1/new/hx75_hex_7seg.v"/>
        <Attr Name="ImportTime" Val="1720925048"/>
        <Attr Name="UsedIn" Val="synthesis"/>
        <Attr Name="UsedIn" Val="implementation"/>
        <Attr Name="UsedIn" Val="simulation"/>
      </FileInfo>
    </File>
    <File Path="$PSRCDIR/sources_1/imports/sources_1/imports/IDES/key44_scan.v">
      <FileInfo>
        <Attr Name="ImportPath" Val="$PPRDIR/../../kx/key44_7seg/key44_7seg.srcs/sources_1/imports/IDES/key44_scan.v"/>
        <Attr Name="ImportTime" Val="1660443651"/>
        <Attr Name="UsedIn" Val="synthesis"/>
        <Attr Name="UsedIn" Val="implementation"/>
        <Attr Name="UsedIn" Val="simulation"/>
      </FileInfo>
    </File>
    <File Path="$PSRCDIR/sources_1/new/switch.v">
      <FileInfo>
        <Attr Name="UsedIn" Val="synthesis"/>
        <Attr Name="UsedIn" Val="implementation"/>
        <Attr Name="UsedIn" Val="simulation"/>
      </FileInfo>
    </File>
    <File Path="$PSRCDIR/sources_1/imports/sources_1/new/key_7seg.v">
      <FileInfo>
        <Attr Name="ImportPath" Val="$PPRDIR/../../kx/key44_7seg/key44_7seg.srcs/sources_1/new/key_7seg.v"/>
        <Attr Name="ImportTime" Val="1660382378"/>
        <Attr Name="UsedIn" Val="synthesis"/>
        <Attr Name="UsedIn" Val="implementation"/>
        <Attr Name="UsedIn" Val="simulation"/>
      </FileInfo>
    </File>
    <Config>
      <Option Name="DesignMode" Val="RTL"/>
      <Option Name="TopModule" Val="top_design"/>
      <Option Name="TopAutoSet" Val="TRUE"/>
    </Config>
  </FileSet>
  <FileSet Name="constrs_in" Type="Constrs" RelSrcDir="$PSRCDIR/constrs_1" RelGenDir="$PGENDIR/constrs_1">
    <Filter Type="Constrs"/>
    <File Path="$PSRCDIR/constrs_1/imports/DSD/7A75_FPGA_IO.xdc">
      <FileInfo>
        <Attr Name="ImportPath" Val="$PPRDIR/../7A75_FPGA_IO.xdc"/>
        <Attr Name="ImportTime" Val="1720925361"/>
        <Attr Name="UsedIn" Val="synthesis"/>
        <Attr Name="UsedIn" Val="implementation"/>
      </FileInfo>
    </File>
    <Config>
      <Option Name="ConstrsType" Val="XDC"/>
    </Config>
  </FileSet>
  <FileSet Name="utils" Type="Utils" RelSrcDir="$PSRCDIR/utils_1" RelGenDir="$PGENDIR/utils_1">
    <Filter Type="Utils"/>
    <File Path="$PSRCDIR/utils_1/imports/synth_1/hx75_hex_7seg.dcp">
      <FileInfo>
        <Attr Name="ImportPath" Val="$PPRDIR/../hx75_hex_7seg/hx75_hex_7seg.srcs/utils_1/imports/synth_1/hx75_hex_7seg.dcp"/>
        <Attr Name="ImportTime" Val="1722926363"/>
        <Attr Name="UsedIn" Val="synthesis"/>
        <Attr Name="UsedIn" Val="implementation"/>
        <Attr Name="UsedInSteps" Val="synth_1"/>
        <Attr Name="AutoDcp" Val="1"/>
      </FileInfo>
    </File>
    <Config>
      <Option Name="TopAutoSet" Val="TRUE"/>
    </Config>
  </FileSet>
  <Strategy Version="1" Minor="2">
    <StratHandle Name="Vivado Synthesis Defaults" Flow="Vivado Synthesis 2023">
      <Desc>Vivado Synthesis Defaults</Desc>
    </StratHandle>
    <Step Id="synth_design"/>
  </Strategy>
</GenRun>
